觉晓法考客观题,分类,卷一,章节,刑法,知识点分类,刑法的概述
觉晓法考客观题,分类,卷一,章节,刑法,知识点分类,刑法的解释
觉晓法考客观题,分类,卷一,章节,刑法,知识点分类,刑法的效力
觉晓法考客观题,分类,卷一,章节,刑法,知识点分类,犯罪构成
觉晓法考客观题,分类,卷一,章节,刑法,知识点分类,行为主体
觉晓法考客观题,分类,卷一,章节,刑法,知识点分类,行为
觉晓法考客观题,分类,卷一,章节,刑法,知识点分类,因果关系
觉晓法考客观题,分类,卷一,章节,刑法,知识点分类,犯罪客体
觉晓法考客观题,分类,卷一,章节,刑法,知识点分类,客观阻却事由
觉晓法考客观题,分类,卷一,章节,刑法,知识点分类,犯罪主观构成要件
觉晓法考客观题,分类,卷一,章节,刑法,知识点分类,主观阻却事由
觉晓法考客观题,分类,卷一,章节,刑法,知识点分类,认识错误
觉晓法考客观题,分类,卷一,章节,刑法,知识点分类,犯罪形态
觉晓法考客观题,分类,卷一,章节,刑法,知识点分类,共同犯罪
觉晓法考客观题,分类,卷一,章节,刑法,知识点分类,罪数
觉晓法考客观题,分类,卷一,章节,刑法,知识点分类,刑罚的体系
觉晓法考客观题,分类,卷一,章节,刑法,知识点分类,刑罚的裁量
觉晓法考客观题,分类,卷一,章节,刑法,知识点分类,刑罚的执行和消灭
觉晓法考客观题,分类,卷一,章节,刑法,知识点分类,分论概述
觉晓法考客观题,分类,卷一,章节,刑法,知识点分类,侵犯人身权利犯罪
觉晓法考客观题,分类,卷一,章节,刑法,知识点分类,抢劫罪
觉晓法考客观题,分类,卷一,章节,刑法,知识点分类,盗窃罪
觉晓法考客观题,分类,卷一,章节,刑法,知识点分类,诈骗罪
觉晓法考客观题,分类,卷一,章节,刑法,知识点分类,抢夺罪、侵占罪与敲诈勒索罪
觉晓法考客观题,分类,卷一,章节,刑法,知识点分类,其他财产犯罪（职务侵占、故意毁坏财物等）
觉晓法考客观题,分类,卷一,章节,刑法,知识点分类,危害公共安全类犯罪
觉晓法考客观题,分类,卷一,章节,刑法,知识点分类,生产销售伪劣商品类犯罪
觉晓法考客观题,分类,卷一,章节,刑法,知识点分类,走私类犯罪
觉晓法考客观题,分类,卷一,章节,刑法,知识点分类,妨害企业管理秩序罪
觉晓法考客观题,分类,卷一,章节,刑法,知识点分类,货币类犯罪
觉晓法考客观题,分类,卷一,章节,刑法,知识点分类,破坏金融管理秩序罪
觉晓法考客观题,分类,卷一,章节,刑法,知识点分类,金融诈骗罪
觉晓法考客观题,分类,卷一,章节,刑法,知识点分类,危害税收征管罪
觉晓法考客观题,分类,卷一,章节,刑法,知识点分类,知识产权类犯罪
觉晓法考客观题,分类,卷一,章节,刑法,知识点分类,扰乱市场秩序罪
觉晓法考客观题,分类,卷一,章节,刑法,知识点分类,妨害社会管理秩序罪
觉晓法考客观题,分类,卷一,章节,刑法,知识点分类,毒品类犯罪
觉晓法考客观题,分类,卷一,章节,刑法,知识点分类,贪污贿赂类犯罪
觉晓法考客观题,分类,卷一,章节,刑法,知识点分类,渎职罪
觉晓法考客观题,分类,卷一,章节,刑法,知识点分类,危害国家安全罪
觉晓法考客观题,分类,卷一,章节,刑事诉讼法,知识点分类,刑诉法概述
觉晓法考客观题,分类,卷一,章节,刑事诉讼法,知识点分类,刑诉法基本原则
觉晓法考客观题,分类,卷一,章节,刑事诉讼法,知识点分类,刑诉的主体
觉晓法考客观题,分类,卷一,章节,刑事诉讼法,知识点分类,管辖
觉晓法考客观题,分类,卷一,章节,刑事诉讼法,知识点分类,回避
觉晓法考客观题,分类,卷一,章节,刑事诉讼法,知识点分类,辩护和代理
觉晓法考客观题,分类,卷一,章节,刑事诉讼法,知识点分类,刑事证据基础理论
觉晓法考客观题,分类,卷一,章节,刑事诉讼法,知识点分类,刑事证据的实践运用
觉晓法考客观题,分类,卷一,章节,刑事诉讼法,知识点分类,刑事证明
觉晓法考客观题,分类,卷一,章节,刑事诉讼法,知识点分类,强制措施
觉晓法考客观题,分类,卷一,章节,刑事诉讼法,知识点分类,刑事附带民事诉讼
觉晓法考客观题,分类,卷一,章节,刑事诉讼法,知识点分类,期间和送达
觉晓法考客观题,分类,卷一,章节,刑事诉讼法,知识点分类,立案
觉晓法考客观题,分类,卷一,章节,刑事诉讼法,知识点分类,侦查
觉晓法考客观题,分类,卷一,章节,刑事诉讼法,知识点分类,起诉
觉晓法考客观题,分类,卷一,章节,刑事诉讼法,知识点分类,审判概述
觉晓法考客观题,分类,卷一,章节,刑事诉讼法,知识点分类,一审程序（公诉）
觉晓法考客观题,分类,卷一,章节,刑事诉讼法,知识点分类,一审程序（其他）
觉晓法考客观题,分类,卷一,章节,刑事诉讼法,知识点分类,二审程序
觉晓法考客观题,分类,卷一,章节,刑事诉讼法,知识点分类,死刑复核程序
觉晓法考客观题,分类,卷一,章节,刑事诉讼法,知识点分类,审判监督程序
觉晓法考客观题,分类,卷一,章节,刑事诉讼法,知识点分类,执行程序
觉晓法考客观题,分类,卷一,章节,刑事诉讼法,知识点分类,特别程序
觉晓法考客观题,分类,卷一,章节,刑事诉讼法,知识点分类,未成年人刑事案件诉讼程序
觉晓法考客观题,分类,卷一,章节,刑事诉讼法,知识点分类,涉外刑诉程序
觉晓法考客观题,分类,卷一,章节,宪法,知识点分类,宪法的基本理论
觉晓法考客观题,分类,卷一,章节,宪法,知识点分类,公民的基本权利和义务
觉晓法考客观题,分类,卷一,章节,宪法,知识点分类,政治、经济、文化、社会制度
觉晓法考客观题,分类,卷一,章节,宪法,知识点分类,国家结构
觉晓法考客观题,分类,卷一,章节,宪法,知识点分类,选举制度
觉晓法考客观题,分类,卷一,章节,宪法,知识点分类,民族区域自治制度
觉晓法考客观题,分类,卷一,章节,宪法,知识点分类,特别行政区制度
觉晓法考客观题,分类,卷一,章节,宪法,知识点分类,基层群众自治制度
觉晓法考客观题,分类,卷一,章节,宪法,知识点分类,全国人大及其常委会
觉晓法考客观题,分类,卷一,章节,宪法,知识点分类,国务院等其他国家机构
觉晓法考客观题,分类,卷一,章节,行政法与行政诉讼法,知识点分类,行政法的基本原则
觉晓法考客观题,分类,卷一,章节,行政法与行政诉讼法,知识点分类,行政主体
觉晓法考客观题,分类,卷一,章节,行政法与行政诉讼法,知识点分类,公务员
觉晓法考客观题,分类,卷一,章节,行政法与行政诉讼法,知识点分类,抽象行政行为
觉晓法考客观题,分类,卷一,章节,行政法与行政诉讼法,知识点分类,具体行政行为概述
觉晓法考客观题,分类,卷一,章节,行政法与行政诉讼法,知识点分类,行政许可
觉晓法考客观题,分类,卷一,章节,行政法与行政诉讼法,知识点分类,行政处罚
觉晓法考客观题,分类,卷一,章节,行政法与行政诉讼法,知识点分类,治安管理处罚
觉晓法考客观题,分类,卷一,章节,行政法与行政诉讼法,知识点分类,行政强制措施
觉晓法考客观题,分类,卷一,章节,行政法与行政诉讼法,知识点分类,行政强制执行
觉晓法考客观题,分类,卷一,章节,行政法与行政诉讼法,知识点分类,行政公开
觉晓法考客观题,分类,卷一,章节,行政法与行政诉讼法,知识点分类,行政复议与诉讼
觉晓法考客观题,分类,卷一,章节,行政法与行政诉讼法,知识点分类,行政复议
觉晓法考客观题,分类,卷一,章节,行政法与行政诉讼法,知识点分类,行政诉讼法概述
觉晓法考客观题,分类,卷一,章节,行政法与行政诉讼法,知识点分类,行政诉讼与复议受案范围
觉晓法考客观题,分类,卷一,章节,行政法与行政诉讼法,知识点分类,行政诉讼管辖
觉晓法考客观题,分类,卷一,章节,行政法与行政诉讼法,知识点分类,行政诉讼参加人
觉晓法考客观题,分类,卷一,章节,行政法与行政诉讼法,知识点分类,行政诉讼程序
觉晓法考客观题,分类,卷一,章节,行政法与行政诉讼法,知识点分类,行政协议案件
觉晓法考客观题,分类,卷一,章节,行政法与行政诉讼法,知识点分类,行政诉讼证据制度
觉晓法考客观题,分类,卷一,章节,行政法与行政诉讼法,知识点分类,行政案件的裁判
觉晓法考客观题,分类,卷一,章节,行政法与行政诉讼法,知识点分类,行政案件的执行
觉晓法考客观题,分类,卷一,章节,行政法与行政诉讼法,知识点分类,行政公益诉讼
觉晓法考客观题,分类,卷一,章节,行政法与行政诉讼法,知识点分类,国家赔偿
觉晓法考客观题,分类,卷一,章节,行政法与行政诉讼法,知识点分类,行政赔偿
觉晓法考客观题,分类,卷一,章节,行政法与行政诉讼法,知识点分类,司法赔偿
觉晓法考客观题,分类,卷一,章节,行政法与行政诉讼法,知识点分类,其他
觉晓法考客观题,分类,卷一,章节,法理,知识点分类,法的定义和特征
觉晓法考客观题,分类,卷一,章节,法理,知识点分类,法的作用
觉晓法考客观题,分类,卷一,章节,法理,知识点分类,法的价值
觉晓法考客观题,分类,卷一,章节,法理,知识点分类,法律规则
觉晓法考客观题,分类,卷一,章节,法理,知识点分类,法律原则
觉晓法考客观题,分类,卷一,章节,法理,知识点分类,法律权利与义务
觉晓法考客观题,分类,卷一,章节,法理,知识点分类,法的渊源
觉晓法考客观题,分类,卷一,章节,法理,知识点分类,法律部门与体系
觉晓法考客观题,分类,卷一,章节,法理,知识点分类,法律效力
觉晓法考客观题,分类,卷一,章节,法理,知识点分类,法律关系
觉晓法考客观题,分类,卷一,章节,法理,知识点分类,法律责任
觉晓法考客观题,分类,卷一,章节,法理,知识点分类,法的实施
觉晓法考客观题,分类,卷一,章节,法理,知识点分类,法适用的一般原理
觉晓法考客观题,分类,卷一,章节,法理,知识点分类,法律推理
觉晓法考客观题,分类,卷一,章节,法理,知识点分类,法律解释
觉晓法考客观题,分类,卷一,章节,法理,知识点分类,法的起源和发展
觉晓法考客观题,分类,卷一,章节,法理,知识点分类,法的传统与现代化
觉晓法考客观题,分类,卷一,章节,法理,知识点分类,法治理论与法律意识
觉晓法考客观题,分类,卷一,章节,法理,知识点分类,法与社会
觉晓法考客观题,分类,卷一,章节,法理,知识点分类,立法法
觉晓法考客观题,分类,卷一,章节,法治,知识点分类,习近平法治思想
觉晓法考客观题,分类,卷一,章节,国际公法,知识点分类,国际法概述
觉晓法考客观题,分类,卷一,章节,国际公法,知识点分类,国际法主体
觉晓法考客观题,分类,卷一,章节,国际公法,知识点分类,国际法的空间划分
觉晓法考客观题,分类,卷一,章节,国际公法,知识点分类,国际法上的个人
觉晓法考客观题,分类,卷一,章节,国际公法,知识点分类,外交关系和领事关系
觉晓法考客观题,分类,卷一,章节,国际公法,知识点分类,条约法
觉晓法考客观题,分类,卷一,章节,国际公法,知识点分类,国际争端与战争
觉晓法考客观题,分类,卷一,章节,法律职业,知识点分类,司法制度与法律职业道德概述
觉晓法考客观题,分类,卷一,章节,法律职业,知识点分类,审判制度与法官职业道德
觉晓法考客观题,分类,卷一,章节,法律职业,知识点分类,检察制度与检察官职业道德
觉晓法考客观题,分类,卷一,章节,法律职业,知识点分类,律师制度与律师职业道德
觉晓法考客观题,分类,卷一,章节,法律职业,知识点分类,公证制度与公证员职业道德
觉晓法考客观题,分类,卷一,章节,法律职业,知识点分类,法律顾问、仲裁员、公务员职业道德
觉晓法考客观题,分类,卷一,章节,法制史,知识点分类,西周
觉晓法考客观题,分类,卷一,章节,法制史,知识点分类,隋唐
觉晓法考客观题,分类,卷一,章节,法制史,知识点分类,宋元明清
觉晓法考客观题,分类,卷一,章节,法制史,知识点分类,清末民初
觉晓法考客观题,分类,卷一,章节,法制史,知识点分类,春秋战国
觉晓法考客观题,分类,卷一,章节,法制史,知识点分类,秦朝
觉晓法考客观题,分类,卷一,章节,法制史,知识点分类,汉代
觉晓法考客观题,分类,卷一,章节,法制史,知识点分类,魏晋南北朝
觉晓法考客观题,分类,卷二,章节,民法,知识点分类,民法基本原则
觉晓法考客观题,分类,卷二,章节,民法,知识点分类,民事法律关系
觉晓法考客观题,分类,卷二,章节,民法,知识点分类,民事权利
觉晓法考客观题,分类,卷二,章节,民法,知识点分类,自然人
觉晓法考客观题,分类,卷二,章节,民法,知识点分类,法人
觉晓法考客观题,分类,卷二,章节,民法,知识点分类,民事法律行为
觉晓法考客观题,分类,卷二,章节,民法,知识点分类,代理
觉晓法考客观题,分类,卷二,章节,民法,知识点分类,诉讼时效与期间
觉晓法考客观题,分类,卷二,章节,民法,知识点分类,占有
觉晓法考客观题,分类,卷二,章节,民法,知识点分类,物与物权
觉晓法考客观题,分类,卷二,章节,民法,知识点分类,基于法律行为的物权变动
觉晓法考客观题,分类,卷二,章节,民法,知识点分类,非基于法律行为的物权变动
觉晓法考客观题,分类,卷二,章节,民法,知识点分类,所有权
觉晓法考客观题,分类,卷二,章节,民法,知识点分类,用益物权
觉晓法考客观题,分类,卷二,章节,民法,知识点分类,担保概述
觉晓法考客观题,分类,卷二,章节,民法,知识点分类,抵押权
觉晓法考客观题,分类,卷二,章节,民法,知识点分类,质权
觉晓法考客观题,分类,卷二,章节,民法,知识点分类,留置权
觉晓法考客观题,分类,卷二,章节,民法,知识点分类,保证
觉晓法考客观题,分类,卷二,章节,民法,知识点分类,担保并存
觉晓法考客观题,分类,卷二,章节,民法,知识点分类,非典型担保
觉晓法考客观题,分类,卷二,章节,民法,知识点分类,债的概述
觉晓法考客观题,分类,卷二,章节,民法,知识点分类,债的移转
觉晓法考客观题,分类,卷二,章节,民法,知识点分类,债的保全
觉晓法考客观题,分类,卷二,章节,民法,知识点分类,债的消灭
觉晓法考客观题,分类,卷二,章节,民法,知识点分类,无因管理
觉晓法考客观题,分类,卷二,章节,民法,知识点分类,不当得利
觉晓法考客观题,分类,卷二,章节,民法,知识点分类,定金
觉晓法考客观题,分类,卷二,章节,民法,知识点分类,合同概述
觉晓法考客观题,分类,卷二,章节,民法,知识点分类,合同成立与效力
觉晓法考客观题,分类,卷二,章节,民法,知识点分类,合同内容与履行
觉晓法考客观题,分类,卷二,章节,民法,知识点分类,合同变更与解除
觉晓法考客观题,分类,卷二,章节,民法,知识点分类,违约责任
觉晓法考客观题,分类,卷二,章节,民法,知识点分类,买卖合同
觉晓法考客观题,分类,卷二,章节,民法,知识点分类,赠与合同
觉晓法考客观题,分类,卷二,章节,民法,知识点分类,民间借贷合同
觉晓法考客观题,分类,卷二,章节,民法,知识点分类,租赁合同
觉晓法考客观题,分类,卷二,章节,民法,知识点分类,融资租赁合同
觉晓法考客观题,分类,卷二,章节,民法,知识点分类,合伙合同
觉晓法考客观题,分类,卷二,章节,民法,知识点分类,服务合同
觉晓法考客观题,分类,卷二,章节,民法,知识点分类,侵权法总则
觉晓法考客观题,分类,卷二,章节,民法,知识点分类,具体侵权行为
觉晓法考客观题,分类,卷二,章节,民法,知识点分类,婚姻家庭法
觉晓法考客观题,分类,卷二,章节,民法,知识点分类,继承法
觉晓法考客观题,分类,卷二,章节,民法,知识点分类,收养法
觉晓法考客观题,分类,卷二,章节,民事诉讼法,知识点分类,民诉法概述
觉晓法考客观题,分类,卷二,章节,民事诉讼法,知识点分类,民诉的基本制度和原则
觉晓法考客观题,分类,卷二,章节,民事诉讼法,知识点分类,诉
觉晓法考客观题,分类,卷二,章节,民事诉讼法,知识点分类,主管和管辖
觉晓法考客观题,分类,卷二,章节,民事诉讼法,知识点分类,当事人
觉晓法考客观题,分类,卷二,章节,民事诉讼法,知识点分类,诉讼代理人
觉晓法考客观题,分类,卷二,章节,民事诉讼法,知识点分类,民事证据
觉晓法考客观题,分类,卷二,章节,民事诉讼法,知识点分类,民事诉讼的证明
觉晓法考客观题,分类,卷二,章节,民事诉讼法,知识点分类,民诉期间和送达
觉晓法考客观题,分类,卷二,章节,民事诉讼法,知识点分类,保全和先予执行
觉晓法考客观题,分类,卷二,章节,民事诉讼法,知识点分类,对妨碍诉讼的强制措施
觉晓法考客观题,分类,卷二,章节,民事诉讼法,知识点分类,法院调解
觉晓法考客观题,分类,卷二,章节,民事诉讼法,知识点分类,一审普通程序
觉晓法考客观题,分类,卷二,章节,民事诉讼法,知识点分类,简易程序
觉晓法考客观题,分类,卷二,章节,民事诉讼法,知识点分类,公益诉讼程序
觉晓法考客观题,分类,卷二,章节,民事诉讼法,知识点分类,第三人撤销之诉
觉晓法考客观题,分类,卷二,章节,民事诉讼法,知识点分类,民诉二审程序
觉晓法考客观题,分类,卷二,章节,民事诉讼法,知识点分类,民诉审判监督程序
觉晓法考客观题,分类,卷二,章节,民事诉讼法,知识点分类,民诉特别程序
觉晓法考客观题,分类,卷二,章节,民事诉讼法,知识点分类,督促程序
觉晓法考客观题,分类,卷二,章节,民事诉讼法,知识点分类,公示催告程序
觉晓法考客观题,分类,卷二,章节,民事诉讼法,知识点分类,民诉执行程序
觉晓法考客观题,分类,卷二,章节,民事诉讼法,知识点分类,涉外民事诉讼程序
觉晓法考客观题,分类,卷二,章节,民事诉讼法,知识点分类,仲裁概述
觉晓法考客观题,分类,卷二,章节,民事诉讼法,知识点分类,仲裁协议
觉晓法考客观题,分类,卷二,章节,民事诉讼法,知识点分类,仲裁程序
觉晓法考客观题,分类,卷二,章节,民事诉讼法,知识点分类,司法与仲裁
觉晓法考客观题,分类,卷二,章节,商法,知识点分类,公司法概述
觉晓法考客观题,分类,卷二,章节,商法,知识点分类,公司的设立
觉晓法考客观题,分类,卷二,章节,商法,知识点分类,公司的股东
觉晓法考客观题,分类,卷二,章节,商法,知识点分类,公司的董事、监事、高管
觉晓法考客观题,分类,卷二,章节,商法,知识点分类,公司的财务、会计制度
觉晓法考客观题,分类,卷二,章节,商法,知识点分类,公司的变更、合并与分立
觉晓法考客观题,分类,卷二,章节,商法,知识点分类,有限责任公司
觉晓法考客观题,分类,卷二,章节,商法,知识点分类,股份有限公司
觉晓法考客观题,分类,卷二,章节,商法,知识点分类,公司的解散与清算
觉晓法考客观题,分类,卷二,章节,商法,知识点分类,普通合伙企业
觉晓法考客观题,分类,卷二,章节,商法,知识点分类,有限合伙企业
觉晓法考客观题,分类,卷二,章节,商法,知识点分类,合伙企业的解散与清算
觉晓法考客观题,分类,卷二,章节,商法,知识点分类,个人独资与外商投资
觉晓法考客观题,分类,卷二,章节,商法,知识点分类,破产法概述
觉晓法考客观题,分类,卷二,章节,商法,知识点分类,债务人财产
觉晓法考客观题,分类,卷二,章节,商法,知识点分类,债权申报
觉晓法考客观题,分类,卷二,章节,商法,知识点分类,破产程序
觉晓法考客观题,分类,卷二,章节,商法,知识点分类,票据法概述
觉晓法考客观题,分类,卷二,章节,商法,知识点分类,票据权利
觉晓法考客观题,分类,卷二,章节,商法,知识点分类,票据抗辩与补救
觉晓法考客观题,分类,卷二,章节,商法,知识点分类,票据的类型
觉晓法考客观题,分类,卷二,章节,商法,知识点分类,证券法
觉晓法考客观题,分类,卷二,章节,商法,知识点分类,保险法概述
觉晓法考客观题,分类,卷二,章节,商法,知识点分类,保险合同总论
觉晓法考客观题,分类,卷二,章节,商法,知识点分类,人身保险合同
觉晓法考客观题,分类,卷二,章节,商法,知识点分类,财产保险合同
觉晓法考客观题,分类,卷二,章节,商法,知识点分类,海商法
觉晓法考客观题,分类,卷二,章节,经济法,知识点分类,反垄断法
觉晓法考客观题,分类,卷二,章节,经济法,知识点分类,反不正当竞争法
觉晓法考客观题,分类,卷二,章节,经济法,知识点分类,消费者权益保护法
觉晓法考客观题,分类,卷二,章节,经济法,知识点分类,产品质量法
觉晓法考客观题,分类,卷二,章节,经济法,知识点分类,食品安全法
觉晓法考客观题,分类,卷二,章节,经济法,知识点分类,商业银行法
觉晓法考客观题,分类,卷二,章节,经济法,知识点分类,银行业监督管理法
觉晓法考客观题,分类,卷二,章节,经济法,知识点分类,财税法
觉晓法考客观题,分类,卷二,章节,经济法,知识点分类,土地管理法
觉晓法考客观题,分类,卷二,章节,经济法,知识点分类,城乡规划法
觉晓法考客观题,分类,卷二,章节,经济法,知识点分类,城市房地产管理法
觉晓法考客观题,分类,卷二,章节,经济法,知识点分类,不动产登记暂行条例
觉晓法考客观题,分类,卷二,章节,劳动与社会保障法,知识点分类,劳动法
觉晓法考客观题,分类,卷二,章节,劳动与社会保障法,知识点分类,劳动合同法
觉晓法考客观题,分类,卷二,章节,劳动与社会保障法,知识点分类,劳动争议调解仲裁法
觉晓法考客观题,分类,卷二,章节,劳动与社会保障法,知识点分类,社会保障法
觉晓法考客观题,分类,卷二,章节,国际私法,知识点分类,国际私法基本理论
觉晓法考客观题,分类,卷二,章节,国际私法,知识点分类,冲突规范和准据法
觉晓法考客观题,分类,卷二,章节,国际私法,知识点分类,适用冲突规范的制度
觉晓法考客观题,分类,卷二,章节,国际私法,知识点分类,国际民商事法律适用——总则
觉晓法考客观题,分类,卷二,章节,国际私法,知识点分类,国际民商事法律适用——物权
觉晓法考客观题,分类,卷二,章节,国际私法,知识点分类,国际民商事法律适用——债权
觉晓法考客观题,分类,卷二,章节,国际私法,知识点分类,国际民商事法律适用——商事与知产
觉晓法考客观题,分类,卷二,章节,国际私法,知识点分类,国际民商事法律适用——婚姻家庭继承
觉晓法考客观题,分类,卷二,章节,国际私法,知识点分类,国际民商事争议的解决
觉晓法考客观题,分类,卷二,章节,国际私法,知识点分类,区际司法协助
觉晓法考客观题,分类,卷二,章节,国际经济法,知识点分类,国际货物买卖
觉晓法考客观题,分类,卷二,章节,国际经济法,知识点分类,国际货物运输与保险
觉晓法考客观题,分类,卷二,章节,国际经济法,知识点分类,国际贸易支付
觉晓法考客观题,分类,卷二,章节,国际经济法,知识点分类,对外贸易管理制度
觉晓法考客观题,分类,卷二,章节,国际经济法,知识点分类,WTO法律制度
觉晓法考客观题,分类,卷二,章节,国际经济法,知识点分类,国际经济法其他领域
觉晓法考客观题,分类,卷二,章节,知识产权法,知识点分类,著作权法概述
觉晓法考客观题,分类,卷二,章节,知识产权法,知识点分类,著作权归属
觉晓法考客观题,分类,卷二,章节,知识产权法,知识点分类,著作权的权利
觉晓法考客观题,分类,卷二,章节,知识产权法,知识点分类,著作权的许可使用、转让和保护
觉晓法考客观题,分类,卷二,章节,知识产权法,知识点分类,著作权的限制
觉晓法考客观题,分类,卷二,章节,知识产权法,知识点分类,著作邻接权
觉晓法考客观题,分类,卷二,章节,知识产权法,知识点分类,著作权侵权与技术措施保护
觉晓法考客观题,分类,卷二,章节,知识产权法,知识点分类,专利法概述
觉晓法考客观题,分类,卷二,章节,知识产权法,知识点分类,专利的申请
觉晓法考客观题,分类,卷二,章节,知识产权法,知识点分类,专利权侵权
觉晓法考客观题,分类,卷二,章节,知识产权法,知识点分类,专利权的内容与限制
觉晓法考客观题,分类,卷二,章节,知识产权法,知识点分类,商标法概述
觉晓法考客观题,分类,卷二,章节,知识产权法,知识点分类,商标的注册申请与消灭
觉晓法考客观题,分类,卷二,章节,知识产权法,知识点分类,商标侵权
觉晓法考客观题,分类,卷二,章节,环境资源保护法,知识点分类,环境保护法
觉晓法考客观题,分类,卷二,章节,环境资源保护法,知识点分类,自然资源法
